,count,mean,std,min,25%,50%,75%,max
date,39530.0,45534.5,193.41457119233687,45200.0,45367.0,45534.5,45702.0,45869.0
village,39530.0,29.0,17.029601768272343,0.0,14.0,29.0,44.0,58.0
stationName,39530.0,29.0,17.029601768272343,0.0,14.0,29.0,44.0,58.0
dataValue,39530.0,-1.8577254360362765,15.135844103730046,-48.80275,-8.828125,-2.2985,6.46736363625,47.0895
id,39530.0,225413.89830508476,197.79898135642134,224938.0,225215.0,225494.0,225555.0,225640.0
subdistric,39530.0,8.35593220338983,6.7341692689845125,0.0,1.0,8.0,13.0,22.0
district,39530.0,4.423728813559322,3.0096463529536126,0.0,3.0,3.0,7.0,10.0
stationCode,39530.0,29.0,17.029601768272343,0.0,14.0,29.0,44.0,58.0
latitude,39530.0,28.689813559322037,0.101141116142699,28.4278,28.6072,28.6903,28.7694,28.8581
longitude,39530.0,77.12314576271186,0.10628292321268491,76.8939,77.0356,77.1311,77.1994,77.323
wellDepth,39530.0,51.958474576271186,19.42087977543538,15.55,49.0,49.0,49.0,178.0
Value_atm_pre,39530.0,98388.30460429579,707.3485402643782,96508.4296875,97752.07421875,98483.9453125,99004.212890625,99665.4609375
Value_Evp,39530.0,-0.001123967348880274,0.0008150654790192358,-0.0035930427256971,-0.0016931012505665,-0.0008815033361315,-0.0004635217774193,-9.621619392419234e-05
Value_Rain,39530.0,0.0010323966396412441,0.0036119239681583954,0.0,3.551442944171868e-07,2.0242448499629973e-06,0.00049594312440595,0.0978699401021003
Value_Temp,39530.0,297.4062515911138,7.1282689372813985,281.8403015136719,291.0714111328125,299.2891540527344,302.67645263671875,312.4281921386719
Value_Sm1,39530.0,0.195855138260874,0.09970879497710974,0.0671552047133445,0.12998231500387186,0.1498648300766945,0.2594674527645111,0.4342543184757233
Value_Sm2,39530.0,0.21381970076863446,0.08034412881766342,0.1322949677705765,0.1563752442598343,0.1748898774385452,0.2516136169433594,0.4363307952880859
Value_Sm3,39530.0,0.22044962594328488,0.06209612421134529,0.1341063231229782,0.1722469329833984,0.2087643891572952,0.245692566037178,0.4330914914608002
Value_Sm4,39530.0,0.24553060785648403,0.036100546218250366,0.1795565336942673,0.216894943267107,0.2442010194063187,0.26907381415367126,0.3415966033935547
village.1,39530.0,29.0,17.029601768272343,0.0,14.0,29.0,44.0,58.0
subdistric.1,39530.0,8.35593220338983,6.7341692689845125,0.0,1.0,8.0,13.0,22.0
district.1,39530.0,4.423728813559322,3.0096463529536126,0.0,3.0,3.0,7.0,10.0
total_popu,39530.0,0.711864406779661,0.4529002782914344,0.0,0.0,1.0,1.0,1.0
avg_househ,39530.0,52368.61016949153,82411.02053248009,121.0,914.0,4435.0,82953.0,299840.0
total_population_count,39530.0,249204.69491525425,390644.8488022455,660.0,4687.0,22878.0,398662.0,1428680.0
tapwater_t,39530.0,546.6779661016949,1090.1755319409228,0.0,0.0,0.0,888.0,5643.0
tapwater_u,39530.0,466.9491525423729,929.0843606431265,0.0,0.0,0.0,821.0,4795.0
covered_we,39530.0,0.711864406779661,0.4529002782914344,0.0,0.0,1.0,1.0,1.0
tubewell_b,39530.0,0.7288135593220338,0.44457772667337564,0.0,0.0,1.0,1.0,1.0
tube_wells,39530.0,0.7288135593220338,0.44457772667337564,0.0,0.0,1.0,1.0,1.0
tube_wel_1,39530.0,0.7288135593220338,0.44457772667337564,0.0,0.0,1.0,1.0,1.0
spring_sta,39530.0,0.7288135593220338,0.44457772667337564,0.0,0.0,1.0,1.0,1.0
spring_fun,39530.0,0.7288135593220338,0.44457772667337564,0.0,0.0,1.0,1.0,1.0
permanent_,39530.0,20.983050847457626,40.51687935057604,0.0,0.0,0.0,40.0,190.0
current_fa,39530.0,7.254237288135593,21.25385734053732,0.0,0.0,0.0,0.0,100.0
area_irrig,39530.0,71.98305084745763,139.5183018078724,0.0,0.0,0.0,48.0,505.0
canals_are,39530.0,6.305084745762712,26.5513767005485,0.0,0.0,0.0,0.0,193.0
wells_tube,39530.0,65.67796610169492,128.49345587735507,0.0,0.0,0.0,48.0,485.0
tanks_lake,39530.0,17.271186440677965,61.086106278859134,0.0,0.0,0.0,0.0,300.0
waterfall_,39530.0,43.52542372881356,96.03905263950895,0.0,0.0,0.0,0.0,447.0
shape_leng,39530.0,20338.255612432353,14399.901783920268,5399.693394426376,8490.464784494063,13596.762030315798,28015.31837893255,54487.81067
shape_area,39530.0,15636565.77732863,14904844.990751239,453532.6468886616,3722376.948585305,7359530.441317736,23670717.031163994,56933243.90983135
stationCode.1,39530.0,29.0,17.029601768272343,0.0,14.0,29.0,44.0,58.0
stationName.1,39530.0,29.0,17.029601768272343,0.0,14.0,29.0,44.0,58.0
latitude.1,39530.0,28.689813559322037,0.101141116142699,28.4278,28.6072,28.6903,28.7694,28.8581
longitude.1,39530.0,77.12314576271186,0.10628292321268491,76.8939,77.0356,77.1311,77.1994,77.323
wellDepth.1,39530.0,52.67033898305085,19.8667935544639,15.55,45.0,50.0,58.0,178.0
Rainfall (mm)_2023,39530.0,661.8554237288135,64.32846485029793,509.6,638.85,670.81,670.81,763.34
Rainfall (mm)_2024,39530.0,609.8693220338985,48.74003843144184,494.0,600.88,600.88,641.95,698.96
Rainfall (mm)_2025,39530.0,652.0,0.0,652.0,652.0,652.0,652.0,652.0
Recharge Worthy Area (ha)_2023_2024_2025,39530.0,7638.981355932204,4503.760489020421,895.9,3299.0,7197.0,11818.0,14758.0
Rainfall Recharge_2023,39530.0,640.4633898305084,456.5206335999735,36.55,225.78,617.21,933.33,1484.05
Rainfall Recharge_2024,39530.0,595.4930508474577,412.3988336724183,38.05,238.53,723.13,841.12,1359.86
Rainfall Recharge_2025,39530.0,640.0533898305084,428.47378376627023,41.23,249.37,643.93,947.44,1329.53
Ground Water Irrigation_2023,39530.0,97.28203389830507,121.00689192335851,11.0,43.31,66.4,79.97,498.93
Ground Water Irrigation_2024,39530.0,96.47745762711864,114.50504812951431,10.72,47.45,66.17,79.97,473.46
Ground Water Irrigation_2025,39530.0,96.47745762711864,114.50504812951431,10.72,47.45,66.17,79.97,473.46
Tanks and Ponds_2023,39530.0,4.218474576271186,3.945953091744143,0.01,0.34,3.48,5.39,20.06
Tanks and Ponds_2024,39530.0,4.222203389830509,3.947160892163211,0.01,0.34,3.48,5.39,20.06
Tanks and Ponds_2025,39530.0,4.222881355932204,3.9465059772999016,0.01,0.34,3.48,5.39,20.06
Water Conservation Structure_2023,39530.0,17.274305084745762,5.273384517440564,0.0,15.696,18.048,20.736,22.56
Water Conservation Structure_2024,39530.0,20.88813559322034,5.225087610137633,1.632,19.824,20.688,25.296,25.344
Water Conservation Structure_2025,39530.0,21.752949152542374,5.292945968806781,2.4,20.4,21.984,25.92,26.496
Pipelines_2023_2024_2025,39530.0,809.3633366915253,386.11588165744047,132.7677569,648.2449982,785.8528305,981.2340753,1924.447879
Annual Ground water Recharge (ham)_2023,39530.0,1568.6018644067797,687.1496828872798,537.92,804.82,1865.9,2073.24,2771.65
Annual Ground water Recharge (ham)_2024,39530.0,1526.4459322033897,637.3513793250663,543.51,812.05,1813.43,2041.69,2625.7
Annual Ground water Recharge (ham)_2025,39530.0,1571.872372881356,654.5711327951108,551.72,816.59,1667.31,2095.45,2595.71
Environmental Flows (ham)_2023,39530.0,153.065593220339,67.99608058884226,53.79,80.48,160.65,200.71,277.16
Environmental Flows (ham)_2024,39530.0,152.64491525423728,63.734617009098905,54.35,81.21,181.35,204.17,262.57
Environmental Flows (ham)_2025,39530.0,154.36847457627118,66.78073151268295,55.17,81.66,166.73,209.55,259.57
Annual Extractable Ground water Resource (ham)_2023,39530.0,1415.5362711864407,622.4544567737294,484.13,724.34,1679.31,1865.92,2494.49
Annual Extractable Ground water Resource (ham)_2024,39530.0,1373.8010169491524,573.6167624215847,489.16,730.84,1632.08,1837.52,2363.13
Annual Extractable Ground water Resource (ham)_2025,39530.0,1417.5038983050847,589.6998564447363,496.55,734.93,1580.4,1885.9,2336.14
Domestic_Ground Water Extraction for all uses (ha.m)EXTR_2023,39530.0,1005.5840651508474,574.064423069279,247.2110201,491.536524,777.6353132,1377.76,2234.16
Domestic_Ground Water Extraction for all uses (ha.m)EXTR_2024,39530.0,1014.9189047932205,563.2673602849167,251.7022901,532.34298,797.3764431,1380.92,2221.76
Domestic_Ground Water Extraction for all uses (ha.m)EXTR_2025,39530.0,879.4528811694917,478.70340357728423,167.9,461.9664431,758.5468004,1307.941,1646.854126
Industrial_Ground Water Extraction for all uses (ha.m)EXTR_2023,39530.0,5.261491525423729,15.06260130286426,0.0,0.0,0.0,0.5,50.008
Industrial_Ground Water Extraction for all uses (ha.m)EXTR_2024,39530.0,5.261491525423729,15.06260130286426,0.0,0.0,0.0,0.5,50.008
Industrial_Ground Water Extraction for all uses (ha.m)EXTR_2025,39530.0,5.261491525423729,15.06260130286426,0.0,0.0,0.0,0.5,50.008
Irrigation_Ground Water Extraction for all uses (ha.m)EXTR_2023,39530.0,350.59322937966095,435.8384328338005,39.432,156.75,237.7638,287.625,1788.56
Irrigation_Ground Water Extraction for all uses (ha.m)EXTR_2024,39530.0,347.840415820339,412.81587109260727,38.773,171.2543667,238.320375,287.625,1703.66
Irrigation_Ground Water Extraction for all uses (ha.m)EXTR_2025,39530.0,347.840415820339,412.81587109260727,38.773,171.2543667,238.320375,287.625,1703.66
Stage of Ground Water Extraction (%)_2023,39530.0,97.51284955372881,22.750432730097227,61.10949152,83.55606965,89.43362175,116.3138634,153.1303227
Stage of Ground Water Extraction (%)_2024,39530.0,100.35359689288134,21.720282152285545,64.79766931,87.6318587,98.64810099,117.4386881,144.8520931
Stage of Ground Water Extraction (%)_2025,39530.0,87.64132420220339,17.541653661904107,63.86218033,69.45121337,85.25600333,99.18553476,131.7567374
Categorization of Assessment Unit_2023,39530.0,1.6271186440677967,1.1031420953672557,0.0,1.0,2.0,3.0,3.0
Categorization of Assessment Unit_2024,39530.0,0.9491525423728814,0.9283550602912197,0.0,0.0,1.0,2.0,3.0
Categorization of Assessment Unit_2025,39530.0,1.576271186440678,1.1818461884641818,0.0,0.0,2.0,3.0,3.0
Pre Monsoon of GW Trend_2023,39530.0,0.9661016949152542,0.9199619241277784,0.0,0.0,1.0,2.0,2.0
Pre Monsoon of GW Trend_2024,39530.0,1.1355932203389831,0.9289737575010423,0.0,0.0,2.0,2.0,2.0
Pre Monsoon of GW Trend_2025,39530.0,1.1355932203389831,0.9289737575010423,0.0,0.0,2.0,2.0,2.0
Post Monsoon of GW Trend_2023,39530.0,1.0338983050847457,0.8430499933482809,0.0,0.0,1.0,2.0,2.0
Post Monsoon of GW Trend_2024,39530.0,1.11864406779661,0.9582015454358114,0.0,0.0,2.0,2.0,2.0
Post Monsoon of GW Trend_2025,39530.0,1.1016949152542372,0.9149518832083772,0.0,0.0,1.0,2.0,2.0
Allocation of Ground Water Resource for Domestic Utilisation for projected year ,39530.0,1063.792372881356,533.7076515197565,331.38,644.85,1007.38,1377.76,2234.16
Allocation of Ground Water Resource for Domestic Utilisation for projected yea.1,39530.0,1069.5879661016947,524.8733460638811,331.38,670.95,1007.38,1380.92,2221.76
Allocation of Ground Water Resource for Domestic Utilisation for projected yea.2,39530.0,1012.0557627118643,394.32449388890626,267.57,673.29,1049.47,1307.94,1646.85
Net Annual Ground Water Availability for Future Use (ham)_2023,39530.0,146.79033898305084,187.12527340571688,0.0,0.0,79.61,190.87,827.1
Net Annual Ground Water Availability for Future Use (ham)_2024,39530.0,102.08254237288135,175.21154881501556,0.0,0.0,22.35,102.19,712.9
Net Annual Ground Water Availability for Future Use (ham)_2025,39530.0,175.46322033898304,183.5574867913229,0.0,15.36,123.41,269.42,729.92
Major Parameter Present_QUALITY_2023_2024_2025,39530.0,0.0,0.0,0.0,0.0,0.0,0.0,0.0
Total Ground Water Availability in Unconfined Aquifier (ham)_FRESH_2023,39530.0,1415.5362711864407,622.4544567737294,484.13,724.34,1679.31,1865.92,2494.49
Total Ground Water Availability in Unconfined Aquifier (ham)_FRESH_2024,39530.0,1373.8010169491524,573.6167624215847,489.16,730.84,1632.08,1837.52,2363.13
Total Ground Water Availability in Unconfined Aquifier (ham)_FRESH_2025,39530.0,1417.5038983050847,589.6998564447363,496.55,734.93,1580.4,1885.9,2336.14
Total Ground Water Availability in the area (ham)Fresh_2023,39530.0,1415.5362711864407,622.4544567737294,484.13,724.34,1679.31,1865.92,2494.49
Total Ground Water Availability in the area (ham)Fresh_2024,39530.0,1373.8010169491524,573.6167624215847,489.16,730.84,1632.08,1837.52,2363.13
Total Ground Water Availability in the area (ham)Fresh_2025,39530.0,1417.5038983050847,589.6998564447363,496.55,734.93,1580.4,1885.9,2336.14
sand_0-5cm_mean,39530.0,-24320.491525423728,14468.221536155663,-32768.0,-32768.0,-32768.0,421.0,534.0
sand_5-15cm_mean,39530.0,-24322.28813559322,14465.142615977122,-32768.0,-32768.0,-32768.0,418.0,516.0
sand_15-30cm_mean,39530.0,-24325.830508474577,14459.078102881464,-32768.0,-32768.0,-32768.0,399.0,518.0
sand_30-60cm_mean,39530.0,-24328.694915254237,14454.17024448543,-32768.0,-32768.0,-32768.0,392.0,505.0
sand_60-100cm_mean,39530.0,-24328.457627118645,14454.57601790201,-32768.0,-32768.0,-32768.0,396.0,500.0
sand_100-200cm_mean,39530.0,-24326.033898305086,14458.725354614719,-32768.0,-32768.0,-32768.0,410.0,506.0
silt_0-5cm_mean,39530.0,-24355.830508474577,14407.688225041251,-32768.0,-32768.0,-32768.0,285.0,344.0
silt_5-15cm_mean,39530.0,-24354.677966101695,14409.663387157152,-32768.0,-32768.0,-32768.0,282.0,355.0
silt_15-30cm_mean,39530.0,-24354.745762711864,14409.545381605694,-32768.0,-32768.0,-32768.0,289.0,347.0
silt_30-60cm_mean,39530.0,-24353.338983050846,14411.955558318296,-32768.0,-32768.0,-32768.0,296.0,361.0
silt_60-100cm_mean,39530.0,-24353.677966101695,14411.374926209985,-32768.0,-32768.0,-32768.0,294.0,359.0
silt_100-200cm_mean,39530.0,-24353.71186440678,14411.31692619632,-32768.0,-32768.0,-32768.0,295.0,359.0
clay_0-5cm_mean,39530.0,-24380.966101694914,14364.642544528462,-32768.0,-32768.0,-32768.0,162.0,254.0
clay_5-15cm_mean,39530.0,-24380.237288135595,14365.888267212878,-32768.0,-32768.0,-32768.0,162.0,251.0
clay_15-30cm_mean,39530.0,-24376.627118644068,14372.07358161073,-32768.0,-32768.0,-32768.0,184.0,280.0
clay_30-60cm_mean,39530.0,-24375.237288135595,14374.454128529134,-32768.0,-32768.0,-32768.0,193.0,287.0
clay_60-100cm_mean,39530.0,-24375.084745762713,14374.715012173237,-32768.0,-32768.0,-32768.0,193.0,283.0
clay_100-200cm_mean,39530.0,-24377.474576271186,14370.621642844993,-32768.0,-32768.0,-32768.0,183.0,274.0
ocd_0-5cm_mean,39530.0,-24389.22033898305,14350.49839003406,-32768.0,-32768.0,-32768.0,179.0,204.0
ocd_5-15cm_mean,39530.0,-24392.728813559323,14344.489650509526,-32768.0,-32768.0,-32768.0,158.0,188.0
ocd_15-30cm_mean,39530.0,-24402.06779661017,14328.494873020449,-32768.0,-32768.0,-32768.0,123.0,157.0
ocd_30-60cm_mean,39530.0,-24410.118644067796,14314.70553648273,-32768.0,-32768.0,-32768.0,91.0,124.0
ocd_60-100cm_mean,39530.0,-24418.79661016949,14299.842221352852,-32768.0,-32768.0,-32768.0,66.0,81.0
ocd_100-200cm_mean,39530.0,-24425.830508474577,14287.795690860507,-32768.0,-32768.0,-32768.0,37.0,74.0
phh2o_0-5cm_mean,39530.0,-24416.64406779661,14303.528950090174,-32768.0,-32768.0,-32768.0,75.0,86.0
phh2o_5-15cm_mean,39530.0,-24416.474576271186,14303.819250981134,-32768.0,-32768.0,-32768.0,76.0,87.0
phh2o_15-30cm_mean,39530.0,-24416.254237288136,14304.19663518717,-32768.0,-32768.0,-32768.0,77.0,88.0
phh2o_30-60cm_mean,39530.0,-24416.338983050846,14304.05139903056,-32768.0,-32768.0,-32768.0,78.0,86.0
phh2o_60-100cm_mean,39530.0,-24416.20338983051,14304.283623787243,-32768.0,-32768.0,-32768.0,79.0,86.0
phh2o_100-200cm_mean,39530.0,-24416.06779661017,14304.515848228226,-32768.0,-32768.0,-32768.0,80.0,86.0
bdod_0-5cm_mean,39530.0,-24399.98305084746,14332.064497101826,-32768.0,-32768.0,-32768.0,143.0,148.0
bdod_5-15cm_mean,39530.0,-24399.84745762712,14332.296724634689,-32768.0,-32768.0,-32768.0,144.0,149.0
bdod_15-30cm_mean,39530.0,-24399.01694915254,14333.71915319067,-32768.0,-32768.0,-32768.0,148.0,152.0
bdod_30-60cm_mean,39530.0,-24398.915254237287,14333.893338444508,-32768.0,-32768.0,-32768.0,148.0,154.0
bdod_60-100cm_mean,39530.0,-24398.57627118644,14334.47392205901,-32768.0,-32768.0,-32768.0,149.0,156.0
bdod_100-200cm_mean,39530.0,-24398.457627118645,14334.677135192207,-32768.0,-32768.0,-32768.0,149.0,156.0
cec_0-5cm_mean,39530.0,-24402.271186440677,14328.14675899297,-32768.0,-32768.0,-32768.0,118.0,159.0
cec_5-15cm_mean,39530.0,-24407.186440677968,14319.72849533535,-32768.0,-32768.0,-32768.0,103.0,145.0
cec_15-30cm_mean,39530.0,-24406.322033898305,14321.20902826754,-32768.0,-32768.0,-32768.0,106.0,151.0
cec_30-60cm_mean,39530.0,-24405.28813559322,14322.979756245917,-32768.0,-32768.0,-32768.0,108.0,156.0
cec_60-100cm_mean,39530.0,-24405.915254237287,14321.905854694634,-32768.0,-32768.0,-32768.0,105.0,153.0
cec_100-200cm_mean,39530.0,-24407.338983050846,14319.467517880661,-32768.0,-32768.0,-32768.0,99.0,146.0
cfvo_0-5cm_mean,39530.0,-24423.79661016949,14291.280961933357,-32768.0,-32768.0,-32768.0,32.0,102.0
cfvo_5-15cm_mean,39530.0,-24424.271186440677,14290.467527930517,-32768.0,-32768.0,-32768.0,29.0,85.0
cfvo_15-30cm_mean,39530.0,-24423.271186440677,14292.18093505371,-32768.0,-32768.0,-32768.0,35.0,92.0
cfvo_30-60cm_mean,39530.0,-24421.830508474577,14294.647009711094,-32768.0,-32768.0,-32768.0,42.0,81.0
cfvo_60-100cm_mean,39530.0,-24420.35593220339,14297.172778363425,-32768.0,-32768.0,-32768.0,47.0,90.0
cfvo_100-200cm_mean,39530.0,-24415.050847457627,14306.258863222574,-32768.0,-32768.0,-32768.0,68.0,109.0
nitrogen_0-5cm_mean,39530.0,-24408.322033898305,14317.782607763327,-32768.0,-32768.0,-32768.0,104.0,128.0
nitrogen_5-15cm_mean,39530.0,-24413.830508474577,14308.349657752933,-32768.0,-32768.0,-32768.0,75.0,120.0
nitrogen_15-30cm_mean,39530.0,-24415.77966101695,14305.009920662318,-32768.0,-32768.0,-32768.0,71.0,100.0
nitrogen_30-60cm_mean,39530.0,-24420.627118644068,14296.708308034878,-32768.0,-32768.0,-32768.0,51.0,88.0
nitrogen_60-100cm_mean,39530.0,-24423.491525423728,14291.802433963547,-32768.0,-32768.0,-32768.0,40.0,79.0
nitrogen_100-200cm_mean,39530.0,-24424.050847457627,14290.844304446888,-32768.0,-32768.0,-32768.0,41.0,75.0
soc_0-5cm_mean,39530.0,-24415.35593220339,14305.73542760626,-32768.0,-32768.0,-32768.0,74.0,97.0
soc_5-15cm_mean,39530.0,-24419.71186440678,14298.27466385112,-32768.0,-32768.0,-32768.0,60.0,76.0
soc_15-30cm_mean,39530.0,-24421.813559322032,14294.675518553275,-32768.0,-32768.0,-32768.0,44.0,74.0
soc_30-60cm_mean,39530.0,-24427.949152542373,14284.167372693582,-32768.0,-32768.0,-32768.0,29.0,74.0
soc_60-100cm_mean,39530.0,-24430.050847457627,14280.567626795313,-32768.0,-32768.0,-32768.0,20.0,52.0
soc_100-200cm_mean,39530.0,-24431.71186440678,14277.722795248897,-32768.0,-32768.0,-32768.0,13.0,46.0
HISTO_10,39530.0,0.1874672587604751,0.30497685053810347,0.0,0.0591785357105907,0.135072854909595,0.187,2.3241051647743007
HISTO_20,39530.0,0.016560732460874254,0.046112542919545196,0.0,0.0034014128945869,0.0071304369899351,0.016,0.3506929880550743
HISTO_30,39530.0,0.04332305571513687,0.035324378749542244,0.0,0.016381701457164,0.04,0.0606909430438842,0.2326142455961194
HISTO_40,39530.0,0.3730633562106969,0.3111792296673801,0.0,0.0696730174451264,0.37,0.7038329938094579,0.917818547373712
HISTO_50,39530.0,0.4156779648362304,0.386527239574301,0.0,0.1190709617180205,0.41,0.562379085414919,2.363147494929059
HISTO_60,39530.0,0.011199005421031047,0.013217178441410717,0.0,0.0012330818237867,0.0058009542085526,0.0180276784639376,0.0647695645216716
HISTO_80,39530.0,0.010330315046716177,0.02463319009704385,0.0,2.9667134748126027e-05,0.001118445963434,0.0098239042215244,0.1280132427492499
_count,39530.0,171034.7288135593,173998.46661787445,6234.0,44592.0,91696.0,235293.0,781479.0
